np_globals_id,map_path,item_id,element,type,permisions,name,desc,value
1,"np_gl",1,"alpha_mode","i",0,"","","2"
2,"np_gl",1,"background_rgba","ffff",0,"","","0.700000,0.000000,0.500000,1.000000"
3,"np_gl",1,"fullscreen","i",0,"","","0"
4,"np_gl",1,"window_size_xy","ii",0,"","","1092,586"
5,"np_gl",1,"position_xy","ii",0,"","","59,202"
6,"np_gl",1,"hud_level","i",0,"","","2"
7,"np_gl",1,"subsample","i",0,"","","4"
8,"np_mouse",1,"tool","i",0,"","","4"
9,"np_mouse",1,"cam_mode","i",0,"","","0"
10,"np_mouse",1,"pick_mode","i",0,"","","3"
11,"np_db",1,"host_ip","s",0,"","","127.0.0.1"
12,"np_db",1,"user","s",0,"","","root"
13,"np_db",1,"password","s",0,"","","admin"
14,"np_db",1,"db_type","s",0,"","","mysql"
15,"np_osc",1,"tx_ip","s",0,"","","127.0.0.1"
16,"np_osc",1,"rx_ip","s",0,"","","127.0.0.1"
17,"np_osc",1,"tx_port","i",0,"","","9000"
18,"np_osc",1,"rx_port","i",0,"","","8000"
19,"np_browser",1,"url","s",0,"","","https://www.wikidata.org/wiki/Q"
20,"np_git",1,"repo","s",0,"","","openantz/antz"
21,"np_key",1,"layout","i",0,"","","0"
22,"np_globals",1,"item_count","i",1,"","","22"
